<!-- https://www.playframework.com/documentation/latest/SettingsLogger -->
<configuration>

  <conversionRule conversionWord="coloredLevel" converterClass="play.api.libs.logback.ColoredLevel" />

  <appender name="FILE" class="ch.qos.logback.core.FileAppender">
    <file>${application.home:-.}/logs/application.log</file>
    <encoder>
      <pattern>%date [%level] from %logger in %thread - %message%n%xException</pattern>
    </encoder>
  </appender>

  <appender name="JSON" class="ch.qos.logback.core.FileAppender">
    <file>${application.home:-.}/logs/application.json</file>
    <encoder class="net.logstash.logback.encoder.LoggingEventCompositeJsonEncoder">
      <providers>
        <timestamp/>
        <logLevel/>
        <loggerName/>
        <threadName/>
        <message/>
        <logstashMarkers/>
        <arguments/>
        <stackTrace/>
      </providers>
    </encoder>
  </appender>

  <appender name="METRICS" class="ch.qos.logback.core.FileAppender">
    <file>${application.home:-.}/logs/metrics.log</file>
    <encoder>
      <pattern>%date [%level] from %logger in %thread - %message%n%xException</pattern>
    </encoder>
  </appender>

  <appender name="STDOUT" class="ch.qos.logback.core.ConsoleAppender">
    <encoder>
      <pattern>%coloredLevel %logger{15} - %message%n%xException{10}</pattern>
    </encoder>
  </appender>

  <appender name="ASYNCFILE" class="ch.qos.logback.classic.AsyncAppender">
    <appender-ref ref="FILE" />
  </appender>

  <appender name="ASYNCJSON" class="ch.qos.logback.classic.AsyncAppender">
    <appender-ref ref="JSON" />
  </appender>

  <appender name="ASYNCSTDOUT" class="ch.qos.logback.classic.AsyncAppender">
    <appender-ref ref="STDOUT" />
  </appender>

  <logger name="play" level="INFO" />
  <logger name="application" level="DEBUG" />
  <logger name="v1.product" level="TRACE" />

  <root level="WARN">
    <appender-ref ref="ASYNCFILE" />
    <appender-ref ref="ASYNCJSON" />
    <appender-ref ref="ASYNCSTDOUT" />
  </root>

</configuration>
